book,chapter,verse,text,version
WIS,1,1,"Dios, en el principio,creó los cielos y la tierra.",NVI
WIS,1,2,"La tierra era un caos total,las tinieblas cubrían el abismo,y el Espíritu de Dios se movíasobre la superficie de las aguas.",NVI
WIS,1,3,Y dijo Dios: «¡Que exista la luz!»Y la luz llegó a existir.,NVI
WIS,1,4,Dios consideró que la luz era buenay la separó de las tinieblas.,NVI
WIS,1,5,"A la luz la llamó «día»,y a las tinieblas, «noche».Y vino la noche, y llegó la mañana:ese fue el primer día.",NVI
WIS,1,6,"Y dijo Dios: «¡Que exista el firmamentoen medio de las aguas, y que las separe!»",NVI
WIS,1,7,"Y así sucedió: Dios hizo el firmamentoy separó las aguas que están abajo,de las aguas que están arriba.",NVI
WIS,1,8,"Al firmamento Dios lo llamó «cielo».Y vino la noche, y llegó la mañana:ese fue el segundo día.",NVI
WIS,1,9,"Y dijo Dios: «¡Que las aguas debajo del cielose reúnan en un solo lugar,y que aparezca lo seco!»Y así sucedió. ",NVI
WIS,1,10,"A lo seco Dios lo llamó «tierra»,y al conjunto de aguas lo llamó «mar».Y Dios consideró que esto era bueno.",NVI
WIS,1,11,"Y dijo Dios: «¡Que haya vegetación sobre la tierra;que esta produzca hierbas que den semilla,y árboles que den su fruto con semilla,todos según su especie!»Y así sucedió. ",NVI
WIS,1,12,"Comenzó a brotar la vegetación:hierbas que dan semilla,y árboles que dan su fruto con semilla,todos según su especie.Y Dios consideró que esto era bueno.",NVI
WIS,1,13,"Y vino la noche, y llegó la mañana:ese fue el tercer día.",NVI
WIS,1,14,"Y dijo Dios: «¡Que haya luces en el firmamentoque separen el día de la noche;que sirvan como señales de las estaciones,de los días y de los años,",NVI
WIS,1,15,y que brillen en el firmamentopara iluminar la tierra!»Y sucedió así. ,NVI
WIS,1,16,"Dios hizo los dos grandes astros:el astro mayor para gobernar el día,y el menor para gobernar la noche.También hizo las estrellas.",NVI
WIS,1,17,Dios colocó en el firmamentolos astros para alumbrar la tierra.,NVI
WIS,1,18,"Los hizo para gobernar el día y la noche,y para separar la luz de las tinieblas.Y Dios consideró que esto era bueno.",NVI
WIS,1,19,"Y vino la noche, y llegó la mañana:ese fue el cuarto día.",NVI
WIS,1,20,"Y dijo Dios: «¡Que rebosen de seres vivientes las aguas,y que vuelen las aves sobre la tierraa lo largo del firmamento!»",NVI
WIS,1,21,"Y creó Dios los grandes animales marinos,y todos los seres vivientesque se mueven y pululan en las aguasy todas las aves,según su especie.Y Dios consideró que esto era bueno,",NVI
WIS,1,22,y los bendijo con estas palabras:«Sed fructíferos y multiplicaos;llenad las aguas de los mares.¡Que las aves se multipliquen sobre la tierra!»,NVI
WIS,1,23,"Y vino la noche, y llegó la mañana:ese fue el quinto día.",NVI
WIS,1,24,"Y dijo Dios: «¡Que produzca la tierra seres vivientes:animales domésticos, animales salvajesy reptiles, según su especie!»Y sucedió así. ",NVI
WIS,1,25,"Dios hizo los animales domésticos,los animales salvajes y todos los reptiles,según su especie.Y Dios consideró que esto era bueno,",NVI
WIS,1,26,"y dijo: «Hagamos al ser humanoa nuestra imagen y semejanza.Que tenga dominio sobre los peces del mar,y sobre las aves del cielo;sobre los animales domésticos,sobre los animales salvajes,y sobre todos los reptilesque se arrastran por el suelo».",NVI
WIS,1,27,"Y Dios creó al ser humano a su imagen;lo creó a imagen de Dios.Hombre y mujer los creó,",NVI
WIS,1,28,"y los bendijo con estas palabras:«Sed fructíferos y multiplicaos;llenad la tierra y sometedla;dominad a los peces del mar y a las aves del cielo,y a todos los reptiles que se arrastran por el suelo».",NVI
WIS,1,29,También les dijo: «Yo os doy de la tierratodas las plantas que producen semillay todos los árboles que dan fruto con semilla;todo esto os servirá de alimento.,NVI
WIS,1,30,"Y doy la hierba verde como alimentoa todas las fieras de la tierra,a todas las aves del cieloy a todos los seres vivientesque se arrastran por la tierra».Y así sucedió. ",NVI
WIS,2,1,"Dios, en el principio,creó los cielos y la tierra.",NVI
WIS,2,2,"La tierra era un caos total,las tinieblas cubrían el abismo,y el Espíritu de Dios se movíasobre la superficie de las aguas.",NVI
WIS,2,3,Y dijo Dios: «¡Que exista la luz!»Y la luz llegó a existir.,NVI
WIS,2,4,Dios consideró que la luz era buenay la separó de las tinieblas.,NVI
WIS,2,5,"A la luz la llamó «día»,y a las tinieblas, «noche».Y vino la noche, y llegó la mañana:ese fue el primer día.",NVI
WIS,2,6,"Y dijo Dios: «¡Que exista el firmamentoen medio de las aguas, y que las separe!»",NVI
WIS,2,7,"Y así sucedió: Dios hizo el firmamentoy separó las aguas que están abajo,de las aguas que están arriba.",NVI
WIS,2,8,"Al firmamento Dios lo llamó «cielo».Y vino la noche, y llegó la mañana:ese fue el segundo día.",NVI
WIS,2,9,"Y dijo Dios: «¡Que las aguas debajo del cielose reúnan en un solo lugar,y que aparezca lo seco!»Y así sucedió. ",NVI
WIS,2,10,"A lo seco Dios lo llamó «tierra»,y al conjunto de aguas lo llamó «mar».Y Dios consideró que esto era bueno.",NVI
WIS,2,11,"Y dijo Dios: «¡Que haya vegetación sobre la tierra;que esta produzca hierbas que den semilla,y árboles que den su fruto con semilla,todos según su especie!»Y así sucedió. ",NVI
WIS,2,12,"Comenzó a brotar la vegetación:hierbas que dan semilla,y árboles que dan su fruto con semilla,todos según su especie.Y Dios consideró que esto era bueno.",NVI
WIS,2,13,"Y vino la noche, y llegó la mañana:ese fue el tercer día.",NVI
WIS,2,14,"Y dijo Dios: «¡Que haya luces en el firmamentoque separen el día de la noche;que sirvan como señales de las estaciones,de los días y de los años,",NVI
WIS,2,15,y que brillen en el firmamentopara iluminar la tierra!»Y sucedió así. ,NVI
WIS,2,16,"Dios hizo los dos grandes astros:el astro mayor para gobernar el día,y el menor para gobernar la noche.También hizo las estrellas.",NVI
WIS,2,17,Dios colocó en el firmamentolos astros para alumbrar la tierra.,NVI
WIS,2,18,"Los hizo para gobernar el día y la noche,y para separar la luz de las tinieblas.Y Dios consideró que esto era bueno.",NVI
WIS,2,19,"Y vino la noche, y llegó la mañana:ese fue el cuarto día.",NVI
WIS,2,20,"Y dijo Dios: «¡Que rebosen de seres vivientes las aguas,y que vuelen las aves sobre la tierraa lo largo del firmamento!»",NVI
WIS,2,21,"Y creó Dios los grandes animales marinos,y todos los seres vivientesque se mueven y pululan en las aguasy todas las aves,según su especie.Y Dios consideró que esto era bueno,",NVI
WIS,2,22,y los bendijo con estas palabras:«Sed fructíferos y multiplicaos;llenad las aguas de los mares.¡Que las aves se multipliquen sobre la tierra!»,NVI
WIS,2,23,"Y vino la noche, y llegó la mañana:ese fue el quinto día.",NVI
WIS,2,24,"Y dijo Dios: «¡Que produzca la tierra seres vivientes:animales domésticos, animales salvajesy reptiles, según su especie!»Y sucedió así. ",NVI
WIS,2,25,"Dios hizo los animales domésticos,los animales salvajes y todos los reptiles,según su especie.Y Dios consideró que esto era bueno,",NVI
WIS,2,26,"y dijo: «Hagamos al ser humanoa nuestra imagen y semejanza.Que tenga dominio sobre los peces del mar,y sobre las aves del cielo;sobre los animales domésticos,sobre los animales salvajes,y sobre todos los reptilesque se arrastran por el suelo».",NVI
WIS,2,27,"Y Dios creó al ser humano a su imagen;lo creó a imagen de Dios.Hombre y mujer los creó,",NVI
WIS,2,28,"y los bendijo con estas palabras:«Sed fructíferos y multiplicaos;llenad la tierra y sometedla;dominad a los peces del mar y a las aves del cielo,y a todos los reptiles que se arrastran por el suelo».",NVI
WIS,2,29,También les dijo: «Yo os doy de la tierratodas las plantas que producen semillay todos los árboles que dan fruto con semilla;todo esto os servirá de alimento.,NVI
WIS,2,30,"Y doy la hierba verde como alimentoa todas las fieras de la tierra,a todas las aves del cieloy a todos los seres vivientesque se arrastran por la tierra».Y así sucedió. ",NVI
WIS,3,1,"Dios, en el principio,creó los cielos y la tierra.",NVI
WIS,3,2,"La tierra era un caos total,las tinieblas cubrían el abismo,y el Espíritu de Dios se movíasobre la superficie de las aguas.",NVI
WIS,3,3,Y dijo Dios: «¡Que exista la luz!»Y la luz llegó a existir.,NVI
WIS,3,4,Dios consideró que la luz era buenay la separó de las tinieblas.,NVI
WIS,3,5,"A la luz la llamó «día»,y a las tinieblas, «noche».Y vino la noche, y llegó la mañana:ese fue el primer día.",NVI
WIS,3,6,"Y dijo Dios: «¡Que exista el firmamentoen medio de las aguas, y que las separe!»",NVI
WIS,3,7,"Y así sucedió: Dios hizo el firmamentoy separó las aguas que están abajo,de las aguas que están arriba.",NVI
WIS,3,8,"Al firmamento Dios lo llamó «cielo».Y vino la noche, y llegó la mañana:ese fue el segundo día.",NVI
WIS,3,9,"Y dijo Dios: «¡Que las aguas debajo del cielose reúnan en un solo lugar,y que aparezca lo seco!»Y así sucedió. ",NVI
WIS,3,10,"A lo seco Dios lo llamó «tierra»,y al conjunto de aguas lo llamó «mar».Y Dios consideró que esto era bueno.",NVI
WIS,3,11,"Y dijo Dios: «¡Que haya vegetación sobre la tierra;que esta produzca hierbas que den semilla,y árboles que den su fruto con semilla,todos según su especie!»Y así sucedió. ",NVI
WIS,3,12,"Comenzó a brotar la vegetación:hierbas que dan semilla,y árboles que dan su fruto con semilla,todos según su especie.Y Dios consideró que esto era bueno.",NVI
WIS,3,13,"Y vino la noche, y llegó la mañana:ese fue el tercer día.",NVI
WIS,3,14,"Y dijo Dios: «¡Que haya luces en el firmamentoque separen el día de la noche;que sirvan como señales de las estaciones,de los días y de los años,",NVI
WIS,3,15,y que brillen en el firmamentopara iluminar la tierra!»Y sucedió así. ,NVI
WIS,3,16,"Dios hizo los dos grandes astros:el astro mayor para gobernar el día,y el menor para gobernar la noche.También hizo las estrellas.",NVI
WIS,3,17,Dios colocó en el firmamentolos astros para alumbrar la tierra.,NVI
WIS,3,18,"Los hizo para gobernar el día y la noche,y para separar la luz de las tinieblas.Y Dios consideró que esto era bueno.",NVI
WIS,3,19,"Y vino la noche, y llegó la mañana:ese fue el cuarto día.",NVI
WIS,3,20,"Y dijo Dios: «¡Que rebosen de seres vivientes las aguas,y que vuelen las aves sobre la tierraa lo largo del firmamento!»",NVI
WIS,3,21,"Y creó Dios los grandes animales marinos,y todos los seres vivientesque se mueven y pululan en las aguasy todas las aves,según su especie.Y Dios consideró que esto era bueno,",NVI
WIS,3,22,y los bendijo con estas palabras:«Sed fructíferos y multiplicaos;llenad las aguas de los mares.¡Que las aves se multipliquen sobre la tierra!»,NVI
WIS,3,23,"Y vino la noche, y llegó la mañana:ese fue el quinto día.",NVI
WIS,3,24,"Y dijo Dios: «¡Que produzca la tierra seres vivientes:animales domésticos, animales salvajesy reptiles, según su especie!»Y sucedió así. ",NVI
WIS,3,25,"Dios hizo los animales domésticos,los animales salvajes y todos los reptiles,según su especie.Y Dios consideró que esto era bueno,",NVI
WIS,3,26,"y dijo: «Hagamos al ser humanoa nuestra imagen y semejanza.Que tenga dominio sobre los peces del mar,y sobre las aves del cielo;sobre los animales domésticos,sobre los animales salvajes,y sobre todos los reptilesque se arrastran por el suelo».",NVI
WIS,3,27,"Y Dios creó al ser humano a su imagen;lo creó a imagen de Dios.Hombre y mujer los creó,",NVI
WIS,3,28,"y los bendijo con estas palabras:«Sed fructíferos y multiplicaos;llenad la tierra y sometedla;dominad a los peces del mar y a las aves del cielo,y a todos los reptiles que se arrastran por el suelo».",NVI
WIS,3,29,También les dijo: «Yo os doy de la tierratodas las plantas que producen semillay todos los árboles que dan fruto con semilla;todo esto os servirá de alimento.,NVI
WIS,3,30,"Y doy la hierba verde como alimentoa todas las fieras de la tierra,a todas las aves del cieloy a todos los seres vivientesque se arrastran por la tierra».Y así sucedió. ",NVI
WIS,4,1,"Dios, en el principio,creó los cielos y la tierra.",NVI
WIS,4,2,"La tierra era un caos total,las tinieblas cubrían el abismo,y el Espíritu de Dios se movíasobre la superficie de las aguas.",NVI
WIS,4,3,Y dijo Dios: «¡Que exista la luz!»Y la luz llegó a existir.,NVI
WIS,4,4,Dios consideró que la luz era buenay la separó de las tinieblas.,NVI
WIS,4,5,"A la luz la llamó «día»,y a las tinieblas, «noche».Y vino la noche, y llegó la mañana:ese fue el primer día.",NVI
WIS,4,6,"Y dijo Dios: «¡Que exista el firmamentoen medio de las aguas, y que las separe!»",NVI
WIS,4,7,"Y así sucedió: Dios hizo el firmamentoy separó las aguas que están abajo,de las aguas que están arriba.",NVI
WIS,4,8,"Al firmamento Dios lo llamó «cielo».Y vino la noche, y llegó la mañana:ese fue el segundo día.",NVI
WIS,4,9,"Y dijo Dios: «¡Que las aguas debajo del cielose reúnan en un solo lugar,y que aparezca lo seco!»Y así sucedió. ",NVI
WIS,4,10,"A lo seco Dios lo llamó «tierra»,y al conjunto de aguas lo llamó «mar».Y Dios consideró que esto era bueno.",NVI
WIS,4,11,"Y dijo Dios: «¡Que haya vegetación sobre la tierra;que esta produzca hierbas que den semilla,y árboles que den su fruto con semilla,todos según su especie!»Y así sucedió. ",NVI
WIS,4,12,"Comenzó a brotar la vegetación:hierbas que dan semilla,y árboles que dan su fruto con semilla,todos según su especie.Y Dios consideró que esto era bueno.",NVI
WIS,4,13,"Y vino la noche, y llegó la mañana:ese fue el tercer día.",NVI
WIS,4,14,"Y dijo Dios: «¡Que haya luces en el firmamentoque separen el día de la noche;que sirvan como señales de las estaciones,de los días y de los años,",NVI
WIS,4,15,y que brillen en el firmamentopara iluminar la tierra!»Y sucedió así. ,NVI
WIS,4,16,"Dios hizo los dos grandes astros:el astro mayor para gobernar el día,y el menor para gobernar la noche.También hizo las estrellas.",NVI
WIS,4,17,Dios colocó en el firmamentolos astros para alumbrar la tierra.,NVI
WIS,4,18,"Los hizo para gobernar el día y la noche,y para separar la luz de las tinieblas.Y Dios consideró que esto era bueno.",NVI
WIS,4,19,"Y vino la noche, y llegó la mañana:ese fue el cuarto día.",NVI
WIS,4,20,"Y dijo Dios: «¡Que rebosen de seres vivientes las aguas,y que vuelen las aves sobre la tierraa lo largo del firmamento!»",NVI
WIS,4,21,"Y creó Dios los grandes animales marinos,y todos los seres vivientesque se mueven y pululan en las aguasy todas las aves,según su especie.Y Dios consideró que esto era bueno,",NVI
WIS,4,22,y los bendijo con estas palabras:«Sed fructíferos y multiplicaos;llenad las aguas de los mares.¡Que las aves se multipliquen sobre la tierra!»,NVI
WIS,4,23,"Y vino la noche, y llegó la mañana:ese fue el quinto día.",NVI
WIS,4,24,"Y dijo Dios: «¡Que produzca la tierra seres vivientes:animales domésticos, animales salvajesy reptiles, según su especie!»Y sucedió así. ",NVI
WIS,4,25,"Dios hizo los animales domésticos,los animales salvajes y todos los reptiles,según su especie.Y Dios consideró que esto era bueno,",NVI
WIS,4,26,"y dijo: «Hagamos al ser humanoa nuestra imagen y semejanza.Que tenga dominio sobre los peces del mar,y sobre las aves del cielo;sobre los animales domésticos,sobre los animales salvajes,y sobre todos los reptilesque se arrastran por el suelo».",NVI
WIS,4,27,"Y Dios creó al ser humano a su imagen;lo creó a imagen de Dios.Hombre y mujer los creó,",NVI
WIS,4,28,"y los bendijo con estas palabras:«Sed fructíferos y multiplicaos;llenad la tierra y sometedla;dominad a los peces del mar y a las aves del cielo,y a todos los reptiles que se arrastran por el suelo».",NVI
WIS,4,29,También les dijo: «Yo os doy de la tierratodas las plantas que producen semillay todos los árboles que dan fruto con semilla;todo esto os servirá de alimento.,NVI
WIS,4,30,"Y doy la hierba verde como alimentoa todas las fieras de la tierra,a todas las aves del cieloy a todos los seres vivientesque se arrastran por la tierra».Y así sucedió. ",NVI
WIS,5,1,"Dios, en el principio,creó los cielos y la tierra.",NVI
WIS,5,2,"La tierra era un caos total,las tinieblas cubrían el abismo,y el Espíritu de Dios se movíasobre la superficie de las aguas.",NVI
WIS,5,3,Y dijo Dios: «¡Que exista la luz!»Y la luz llegó a existir.,NVI
WIS,5,4,Dios consideró que la luz era buenay la separó de las tinieblas.,NVI
WIS,5,5,"A la luz la llamó «día»,y a las tinieblas, «noche».Y vino la noche, y llegó la mañana:ese fue el primer día.",NVI
WIS,5,6,"Y dijo Dios: «¡Que exista el firmamentoen medio de las aguas, y que las separe!»",NVI
WIS,5,7,"Y así sucedió: Dios hizo el firmamentoy separó las aguas que están abajo,de las aguas que están arriba.",NVI
WIS,5,8,"Al firmamento Dios lo llamó «cielo».Y vino la noche, y llegó la mañana:ese fue el segundo día.",NVI
WIS,5,9,"Y dijo Dios: «¡Que las aguas debajo del cielose reúnan en un solo lugar,y que aparezca lo seco!»Y así sucedió. ",NVI
WIS,5,10,"A lo seco Dios lo llamó «tierra»,y al conjunto de aguas lo llamó «mar».Y Dios consideró que esto era bueno.",NVI
WIS,5,11,"Y dijo Dios: «¡Que haya vegetación sobre la tierra;que esta produzca hierbas que den semilla,y árboles que den su fruto con semilla,todos según su especie!»Y así sucedió. ",NVI
WIS,5,12,"Comenzó a brotar la vegetación:hierbas que dan semilla,y árboles que dan su fruto con semilla,todos según su especie.Y Dios consideró que esto era bueno.",NVI
WIS,5,13,"Y vino la noche, y llegó la mañana:ese fue el tercer día.",NVI
WIS,5,14,"Y dijo Dios: «¡Que haya luces en el firmamentoque separen el día de la noche;que sirvan como señales de las estaciones,de los días y de los años,",NVI
WIS,5,15,y que brillen en el firmamentopara iluminar la tierra!»Y sucedió así. ,NVI
WIS,5,16,"Dios hizo los dos grandes astros:el astro mayor para gobernar el día,y el menor para gobernar la noche.También hizo las estrellas.",NVI
WIS,5,17,Dios colocó en el firmamentolos astros para alumbrar la tierra.,NVI
WIS,5,18,"Los hizo para gobernar el día y la noche,y para separar la luz de las tinieblas.Y Dios consideró que esto era bueno.",NVI
WIS,5,19,"Y vino la noche, y llegó la mañana:ese fue el cuarto día.",NVI
WIS,5,20,"Y dijo Dios: «¡Que rebosen de seres vivientes las aguas,y que vuelen las aves sobre la tierraa lo largo del firmamento!»",NVI
WIS,5,21,"Y creó Dios los grandes animales marinos,y todos los seres vivientesque se mueven y pululan en las aguasy todas las aves,según su especie.Y Dios consideró que esto era bueno,",NVI
WIS,5,22,y los bendijo con estas palabras:«Sed fructíferos y multiplicaos;llenad las aguas de los mares.¡Que las aves se multipliquen sobre la tierra!»,NVI
WIS,5,23,"Y vino la noche, y llegó la mañana:ese fue el quinto día.",NVI
WIS,5,24,"Y dijo Dios: «¡Que produzca la tierra seres vivientes:animales domésticos, animales salvajesy reptiles, según su especie!»Y sucedió así. ",NVI
WIS,5,25,"Dios hizo los animales domésticos,los animales salvajes y todos los reptiles,según su especie.Y Dios consideró que esto era bueno,",NVI
WIS,5,26,"y dijo: «Hagamos al ser humanoa nuestra imagen y semejanza.Que tenga dominio sobre los peces del mar,y sobre las aves del cielo;sobre los animales domésticos,sobre los animales salvajes,y sobre todos los reptilesque se arrastran por el suelo».",NVI
WIS,5,27,"Y Dios creó al ser humano a su imagen;lo creó a imagen de Dios.Hombre y mujer los creó,",NVI
WIS,5,28,"y los bendijo con estas palabras:«Sed fructíferos y multiplicaos;llenad la tierra y sometedla;dominad a los peces del mar y a las aves del cielo,y a todos los reptiles que se arrastran por el suelo».",NVI
WIS,5,29,También les dijo: «Yo os doy de la tierratodas las plantas que producen semillay todos los árboles que dan fruto con semilla;todo esto os servirá de alimento.,NVI
WIS,5,30,"Y doy la hierba verde como alimentoa todas las fieras de la tierra,a todas las aves del cieloy a todos los seres vivientesque se arrastran por la tierra».Y así sucedió. ",NVI
WIS,6,1,"Dios, en el principio,creó los cielos y la tierra.",NVI
WIS,6,2,"La tierra era un caos total,las tinieblas cubrían el abismo,y el Espíritu de Dios se movíasobre la superficie de las aguas.",NVI
WIS,6,3,Y dijo Dios: «¡Que exista la luz!»Y la luz llegó a existir.,NVI
WIS,6,4,Dios consideró que la luz era buenay la separó de las tinieblas.,NVI
WIS,6,5,"A la luz la llamó «día»,y a las tinieblas, «noche».Y vino la noche, y llegó la mañana:ese fue el primer día.",NVI
WIS,6,6,"Y dijo Dios: «¡Que exista el firmamentoen medio de las aguas, y que las separe!»",NVI
WIS,6,7,"Y así sucedió: Dios hizo el firmamentoy separó las aguas que están abajo,de las aguas que están arriba.",NVI
WIS,6,8,"Al firmamento Dios lo llamó «cielo».Y vino la noche, y llegó la mañana:ese fue el segundo día.",NVI
WIS,6,9,"Y dijo Dios: «¡Que las aguas debajo del cielose reúnan en un solo lugar,y que aparezca lo seco!»Y así sucedió. ",NVI
WIS,6,10,"A lo seco Dios lo llamó «tierra»,y al conjunto de aguas lo llamó «mar».Y Dios consideró que esto era bueno.",NVI
WIS,6,11,"Y dijo Dios: «¡Que haya vegetación sobre la tierra;que esta produzca hierbas que den semilla,y árboles que den su fruto con semilla,todos según su especie!»Y así sucedió. ",NVI
WIS,6,12,"Comenzó a brotar la vegetación:hierbas que dan semilla,y árboles que dan su fruto con semilla,todos según su especie.Y Dios consideró que esto era bueno.",NVI
WIS,6,13,"Y vino la noche, y llegó la mañana:ese fue el tercer día.",NVI
WIS,6,14,"Y dijo Dios: «¡Que haya luces en el firmamentoque separen el día de la noche;que sirvan como señales de las estaciones,de los días y de los años,",NVI
WIS,6,15,y que brillen en el firmamentopara iluminar la tierra!»Y sucedió así. ,NVI
WIS,6,16,"Dios hizo los dos grandes astros:el astro mayor para gobernar el día,y el menor para gobernar la noche.También hizo las estrellas.",NVI
WIS,6,17,Dios colocó en el firmamentolos astros para alumbrar la tierra.,NVI
WIS,6,18,"Los hizo para gobernar el día y la noche,y para separar la luz de las tinieblas.Y Dios consideró que esto era bueno.",NVI
WIS,6,19,"Y vino la noche, y llegó la mañana:ese fue el cuarto día.",NVI
WIS,6,20,"Y dijo Dios: «¡Que rebosen de seres vivientes las aguas,y que vuelen las aves sobre la tierraa lo largo del firmamento!»",NVI
WIS,6,21,"Y creó Dios los grandes animales marinos,y todos los seres vivientesque se mueven y pululan en las aguasy todas las aves,según su especie.Y Dios consideró que esto era bueno,",NVI
WIS,6,22,y los bendijo con estas palabras:«Sed fructíferos y multiplicaos;llenad las aguas de los mares.¡Que las aves se multipliquen sobre la tierra!»,NVI
WIS,6,23,"Y vino la noche, y llegó la mañana:ese fue el quinto día.",NVI
WIS,6,24,"Y dijo Dios: «¡Que produzca la tierra seres vivientes:animales domésticos, animales salvajesy reptiles, según su especie!»Y sucedió así. ",NVI
WIS,6,25,"Dios hizo los animales domésticos,los animales salvajes y todos los reptiles,según su especie.Y Dios consideró que esto era bueno,",NVI
WIS,6,26,"y dijo: «Hagamos al ser humanoa nuestra imagen y semejanza.Que tenga dominio sobre los peces del mar,y sobre las aves del cielo;sobre los animales domésticos,sobre los animales salvajes,y sobre todos los reptilesque se arrastran por el suelo».",NVI
WIS,6,27,"Y Dios creó al ser humano a su imagen;lo creó a imagen de Dios.Hombre y mujer los creó,",NVI
WIS,6,28,"y los bendijo con estas palabras:«Sed fructíferos y multiplicaos;llenad la tierra y sometedla;dominad a los peces del mar y a las aves del cielo,y a todos los reptiles que se arrastran por el suelo».",NVI
WIS,6,29,También les dijo: «Yo os doy de la tierratodas las plantas que producen semillay todos los árboles que dan fruto con semilla;todo esto os servirá de alimento.,NVI
WIS,6,30,"Y doy la hierba verde como alimentoa todas las fieras de la tierra,a todas las aves del cieloy a todos los seres vivientesque se arrastran por la tierra».Y así sucedió. ",NVI
WIS,7,1,"Dios, en el principio,creó los cielos y la tierra.",NVI
WIS,7,2,"La tierra era un caos total,las tinieblas cubrían el abismo,y el Espíritu de Dios se movíasobre la superficie de las aguas.",NVI
WIS,7,3,Y dijo Dios: «¡Que exista la luz!»Y la luz llegó a existir.,NVI
WIS,7,4,Dios consideró que la luz era buenay la separó de las tinieblas.,NVI
WIS,7,5,"A la luz la llamó «día»,y a las tinieblas, «noche».Y vino la noche, y llegó la mañana:ese fue el primer día.",NVI
WIS,7,6,"Y dijo Dios: «¡Que exista el firmamentoen medio de las aguas, y que las separe!»",NVI
WIS,7,7,"Y así sucedió: Dios hizo el firmamentoy separó las aguas que están abajo,de las aguas que están arriba.",NVI
WIS,7,8,"Al firmamento Dios lo llamó «cielo».Y vino la noche, y llegó la mañana:ese fue el segundo día.",NVI
WIS,7,9,"Y dijo Dios: «¡Que las aguas debajo del cielose reúnan en un solo lugar,y que aparezca lo seco!»Y así sucedió. ",NVI
WIS,7,10,"A lo seco Dios lo llamó «tierra»,y al conjunto de aguas lo llamó «mar».Y Dios consideró que esto era bueno.",NVI
WIS,7,11,"Y dijo Dios: «¡Que haya vegetación sobre la tierra;que esta produzca hierbas que den semilla,y árboles que den su fruto con semilla,todos según su especie!»Y así sucedió. ",NVI
WIS,7,12,"Comenzó a brotar la vegetación:hierbas que dan semilla,y árboles que dan su fruto con semilla,todos según su especie.Y Dios consideró que esto era bueno.",NVI
WIS,7,13,"Y vino la noche, y llegó la mañana:ese fue el tercer día.",NVI
WIS,7,14,"Y dijo Dios: «¡Que haya luces en el firmamentoque separen el día de la noche;que sirvan como señales de las estaciones,de los días y de los años,",NVI
WIS,7,15,y que brillen en el firmamentopara iluminar la tierra!»Y sucedió así. ,NVI
WIS,7,16,"Dios hizo los dos grandes astros:el astro mayor para gobernar el día,y el menor para gobernar la noche.También hizo las estrellas.",NVI
WIS,7,17,Dios colocó en el firmamentolos astros para alumbrar la tierra.,NVI
WIS,7,18,"Los hizo para gobernar el día y la noche,y para separar la luz de las tinieblas.Y Dios consideró que esto era bueno.",NVI
WIS,7,19,"Y vino la noche, y llegó la mañana:ese fue el cuarto día.",NVI
WIS,7,20,"Y dijo Dios: «¡Que rebosen de seres vivientes las aguas,y que vuelen las aves sobre la tierraa lo largo del firmamento!»",NVI
WIS,7,21,"Y creó Dios los grandes animales marinos,y todos los seres vivientesque se mueven y pululan en las aguasy todas las aves,según su especie.Y Dios consideró que esto era bueno,",NVI
WIS,7,22,y los bendijo con estas palabras:«Sed fructíferos y multiplicaos;llenad las aguas de los mares.¡Que las aves se multipliquen sobre la tierra!»,NVI
WIS,7,23,"Y vino la noche, y llegó la mañana:ese fue el quinto día.",NVI
WIS,7,24,"Y dijo Dios: «¡Que produzca la tierra seres vivientes:animales domésticos, animales salvajesy reptiles, según su especie!»Y sucedió así. ",NVI
WIS,7,25,"Dios hizo los animales domésticos,los animales salvajes y todos los reptiles,según su especie.Y Dios consideró que esto era bueno,",NVI
WIS,7,26,"y dijo: «Hagamos al ser humanoa nuestra imagen y semejanza.Que tenga dominio sobre los peces del mar,y sobre las aves del cielo;sobre los animales domésticos,sobre los animales salvajes,y sobre todos los reptilesque se arrastran por el suelo».",NVI
WIS,7,27,"Y Dios creó al ser humano a su imagen;lo creó a imagen de Dios.Hombre y mujer los creó,",NVI
WIS,7,28,"y los bendijo con estas palabras:«Sed fructíferos y multiplicaos;llenad la tierra y sometedla;dominad a los peces del mar y a las aves del cielo,y a todos los reptiles que se arrastran por el suelo».",NVI
WIS,7,29,También les dijo: «Yo os doy de la tierratodas las plantas que producen semillay todos los árboles que dan fruto con semilla;todo esto os servirá de alimento.,NVI
WIS,7,30,"Y doy la hierba verde como alimentoa todas las fieras de la tierra,a todas las aves del cieloy a todos los seres vivientesque se arrastran por la tierra».Y así sucedió. ",NVI
WIS,8,1,"Dios, en el principio,creó los cielos y la tierra.",NVI
WIS,8,2,"La tierra era un caos total,las tinieblas cubrían el abismo,y el Espíritu de Dios se movíasobre la superficie de las aguas.",NVI
WIS,8,3,Y dijo Dios: «¡Que exista la luz!»Y la luz llegó a existir.,NVI
WIS,8,4,Dios consideró que la luz era buenay la separó de las tinieblas.,NVI
WIS,8,5,"A la luz la llamó «día»,y a las tinieblas, «noche».Y vino la noche, y llegó la mañana:ese fue el primer día.",NVI
WIS,8,6,"Y dijo Dios: «¡Que exista el firmamentoen medio de las aguas, y que las separe!»",NVI
WIS,8,7,"Y así sucedió: Dios hizo el firmamentoy separó las aguas que están abajo,de las aguas que están arriba.",NVI
WIS,8,8,"Al firmamento Dios lo llamó «cielo».Y vino la noche, y llegó la mañana:ese fue el segundo día.",NVI
WIS,8,9,"Y dijo Dios: «¡Que las aguas debajo del cielose reúnan en un solo lugar,y que aparezca lo seco!»Y así sucedió. ",NVI
WIS,8,10,"A lo seco Dios lo llamó «tierra»,y al conjunto de aguas lo llamó «mar».Y Dios consideró que esto era bueno.",NVI
WIS,8,11,"Y dijo Dios: «¡Que haya vegetación sobre la tierra;que esta produzca hierbas que den semilla,y árboles que den su fruto con semilla,todos según su especie!»Y así sucedió. ",NVI
WIS,8,12,"Comenzó a brotar la vegetación:hierbas que dan semilla,y árboles que dan su fruto con semilla,todos según su especie.Y Dios consideró que esto era bueno.",NVI
WIS,8,13,"Y vino la noche, y llegó la mañana:ese fue el tercer día.",NVI
WIS,8,14,"Y dijo Dios: «¡Que haya luces en el firmamentoque separen el día de la noche;que sirvan como señales de las estaciones,de los días y de los años,",NVI
WIS,8,15,y que brillen en el firmamentopara iluminar la tierra!»Y sucedió así. ,NVI
WIS,8,16,"Dios hizo los dos grandes astros:el astro mayor para gobernar el día,y el menor para gobernar la noche.También hizo las estrellas.",NVI
WIS,8,17,Dios colocó en el firmamentolos astros para alumbrar la tierra.,NVI
WIS,8,18,"Los hizo para gobernar el día y la noche,y para separar la luz de las tinieblas.Y Dios consideró que esto era bueno.",NVI
WIS,8,19,"Y vino la noche, y llegó la mañana:ese fue el cuarto día.",NVI
WIS,8,20,"Y dijo Dios: «¡Que rebosen de seres vivientes las aguas,y que vuelen las aves sobre la tierraa lo largo del firmamento!»",NVI
WIS,8,21,"Y creó Dios los grandes animales marinos,y todos los seres vivientesque se mueven y pululan en las aguasy todas las aves,según su especie.Y Dios consideró que esto era bueno,",NVI
WIS,8,22,y los bendijo con estas palabras:«Sed fructíferos y multiplicaos;llenad las aguas de los mares.¡Que las aves se multipliquen sobre la tierra!»,NVI
WIS,8,23,"Y vino la noche, y llegó la mañana:ese fue el quinto día.",NVI
WIS,8,24,"Y dijo Dios: «¡Que produzca la tierra seres vivientes:animales domésticos, animales salvajesy reptiles, según su especie!»Y sucedió así. ",NVI
WIS,8,25,"Dios hizo los animales domésticos,los animales salvajes y todos los reptiles,según su especie.Y Dios consideró que esto era bueno,",NVI
WIS,8,26,"y dijo: «Hagamos al ser humanoa nuestra imagen y semejanza.Que tenga dominio sobre los peces del mar,y sobre las aves del cielo;sobre los animales domésticos,sobre los animales salvajes,y sobre todos los reptilesque se arrastran por el suelo».",NVI
WIS,8,27,"Y Dios creó al ser humano a su imagen;lo creó a imagen de Dios.Hombre y mujer los creó,",NVI
WIS,8,28,"y los bendijo con estas palabras:«Sed fructíferos y multiplicaos;llenad la tierra y sometedla;dominad a los peces del mar y a las aves del cielo,y a todos los reptiles que se arrastran por el suelo».",NVI
WIS,8,29,También les dijo: «Yo os doy de la tierratodas las plantas que producen semillay todos los árboles que dan fruto con semilla;todo esto os servirá de alimento.,NVI
WIS,8,30,"Y doy la hierba verde como alimentoa todas las fieras de la tierra,a todas las aves del cieloy a todos los seres vivientesque se arrastran por la tierra».Y así sucedió. ",NVI
WIS,9,1,"Dios, en el principio,creó los cielos y la tierra.",NVI
WIS,9,2,"La tierra era un caos total,las tinieblas cubrían el abismo,y el Espíritu de Dios se movíasobre la superficie de las aguas.",NVI
WIS,9,3,Y dijo Dios: «¡Que exista la luz!»Y la luz llegó a existir.,NVI
WIS,9,4,Dios consideró que la luz era buenay la separó de las tinieblas.,NVI
WIS,9,5,"A la luz la llamó «día»,y a las tinieblas, «noche».Y vino la noche, y llegó la mañana:ese fue el primer día.",NVI
WIS,9,6,"Y dijo Dios: «¡Que exista el firmamentoen medio de las aguas, y que las separe!»",NVI
WIS,9,7,"Y así sucedió: Dios hizo el firmamentoy separó las aguas que están abajo,de las aguas que están arriba.",NVI
WIS,9,8,"Al firmamento Dios lo llamó «cielo».Y vino la noche, y llegó la mañana:ese fue el segundo día.",NVI
WIS,9,9,"Y dijo Dios: «¡Que las aguas debajo del cielose reúnan en un solo lugar,y que aparezca lo seco!»Y así sucedió. ",NVI
WIS,9,10,"A lo seco Dios lo llamó «tierra»,y al conjunto de aguas lo llamó «mar».Y Dios consideró que esto era bueno.",NVI
WIS,9,11,"Y dijo Dios: «¡Que haya vegetación sobre la tierra;que esta produzca hierbas que den semilla,y árboles que den su fruto con semilla,todos según su especie!»Y así sucedió. ",NVI
WIS,9,12,"Comenzó a brotar la vegetación:hierbas que dan semilla,y árboles que dan su fruto con semilla,todos según su especie.Y Dios consideró que esto era bueno.",NVI
WIS,9,13,"Y vino la noche, y llegó la mañana:ese fue el tercer día.",NVI
WIS,9,14,"Y dijo Dios: «¡Que haya luces en el firmamentoque separen el día de la noche;que sirvan como señales de las estaciones,de los días y de los años,",NVI
WIS,9,15,y que brillen en el firmamentopara iluminar la tierra!»Y sucedió así. ,NVI
WIS,9,16,"Dios hizo los dos grandes astros:el astro mayor para gobernar el día,y el menor para gobernar la noche.También hizo las estrellas.",NVI
WIS,9,17,Dios colocó en el firmamentolos astros para alumbrar la tierra.,NVI
WIS,9,18,"Los hizo para gobernar el día y la noche,y para separar la luz de las tinieblas.Y Dios consideró que esto era bueno.",NVI
WIS,9,19,"Y vino la noche, y llegó la mañana:ese fue el cuarto día.",NVI
WIS,9,20,"Y dijo Dios: «¡Que rebosen de seres vivientes las aguas,y que vuelen las aves sobre la tierraa lo largo del firmamento!»",NVI
WIS,9,21,"Y creó Dios los grandes animales marinos,y todos los seres vivientesque se mueven y pululan en las aguasy todas las aves,según su especie.Y Dios consideró que esto era bueno,",NVI
WIS,9,22,y los bendijo con estas palabras:«Sed fructíferos y multiplicaos;llenad las aguas de los mares.¡Que las aves se multipliquen sobre la tierra!»,NVI
WIS,9,23,"Y vino la noche, y llegó la mañana:ese fue el quinto día.",NVI
WIS,9,24,"Y dijo Dios: «¡Que produzca la tierra seres vivientes:animales domésticos, animales salvajesy reptiles, según su especie!»Y sucedió así. ",NVI
WIS,9,25,"Dios hizo los animales domésticos,los animales salvajes y todos los reptiles,según su especie.Y Dios consideró que esto era bueno,",NVI
WIS,9,26,"y dijo: «Hagamos al ser humanoa nuestra imagen y semejanza.Que tenga dominio sobre los peces del mar,y sobre las aves del cielo;sobre los animales domésticos,sobre los animales salvajes,y sobre todos los reptilesque se arrastran por el suelo».",NVI
WIS,9,27,"Y Dios creó al ser humano a su imagen;lo creó a imagen de Dios.Hombre y mujer los creó,",NVI
WIS,9,28,"y los bendijo con estas palabras:«Sed fructíferos y multiplicaos;llenad la tierra y sometedla;dominad a los peces del mar y a las aves del cielo,y a todos los reptiles que se arrastran por el suelo».",NVI
WIS,9,29,También les dijo: «Yo os doy de la tierratodas las plantas que producen semillay todos los árboles que dan fruto con semilla;todo esto os servirá de alimento.,NVI
WIS,9,30,"Y doy la hierba verde como alimentoa todas las fieras de la tierra,a todas las aves del cieloy a todos los seres vivientesque se arrastran por la tierra».Y así sucedió. ",NVI
WIS,10,1,"Dios, en el principio,creó los cielos y la tierra.",NVI
WIS,10,2,"La tierra era un caos total,las tinieblas cubrían el abismo,y el Espíritu de Dios se movíasobre la superficie de las aguas.",NVI
WIS,10,3,Y dijo Dios: «¡Que exista la luz!»Y la luz llegó a existir.,NVI
WIS,10,4,Dios consideró que la luz era buenay la separó de las tinieblas.,NVI
WIS,10,5,"A la luz la llamó «día»,y a las tinieblas, «noche».Y vino la noche, y llegó la mañana:ese fue el primer día.",NVI
WIS,10,6,"Y dijo Dios: «¡Que exista el firmamentoen medio de las aguas, y que las separe!»",NVI
WIS,10,7,"Y así sucedió: Dios hizo el firmamentoy separó las aguas que están abajo,de las aguas que están arriba.",NVI
WIS,10,8,"Al firmamento Dios lo llamó «cielo».Y vino la noche, y llegó la mañana:ese fue el segundo día.",NVI
WIS,10,9,"Y dijo Dios: «¡Que las aguas debajo del cielose reúnan en un solo lugar,y que aparezca lo seco!»Y así sucedió. ",NVI
WIS,10,10,"A lo seco Dios lo llamó «tierra»,y al conjunto de aguas lo llamó «mar».Y Dios consideró que esto era bueno.",NVI
WIS,10,11,"Y dijo Dios: «¡Que haya vegetación sobre la tierra;que esta produzca hierbas que den semilla,y árboles que den su fruto con semilla,todos según su especie!»Y así sucedió. ",NVI
WIS,10,12,"Comenzó a brotar la vegetación:hierbas que dan semilla,y árboles que dan su fruto con semilla,todos según su especie.Y Dios consideró que esto era bueno.",NVI
WIS,10,13,"Y vino la noche, y llegó la mañana:ese fue el tercer día.",NVI
WIS,10,14,"Y dijo Dios: «¡Que haya luces en el firmamentoque separen el día de la noche;que sirvan como señales de las estaciones,de los días y de los años,",NVI
WIS,10,15,y que brillen en el firmamentopara iluminar la tierra!»Y sucedió así. ,NVI
WIS,10,16,"Dios hizo los dos grandes astros:el astro mayor para gobernar el día,y el menor para gobernar la noche.También hizo las estrellas.",NVI
WIS,10,17,Dios colocó en el firmamentolos astros para alumbrar la tierra.,NVI
WIS,10,18,"Los hizo para gobernar el día y la noche,y para separar la luz de las tinieblas.Y Dios consideró que esto era bueno.",NVI
WIS,10,19,"Y vino la noche, y llegó la mañana:ese fue el cuarto día.",NVI
WIS,10,20,"Y dijo Dios: «¡Que rebosen de seres vivientes las aguas,y que vuelen las aves sobre la tierraa lo largo del firmamento!»",NVI
WIS,10,21,"Y creó Dios los grandes animales marinos,y todos los seres vivientesque se mueven y pululan en las aguasy todas las aves,según su especie.Y Dios consideró que esto era bueno,",NVI
WIS,10,22,y los bendijo con estas palabras:«Sed fructíferos y multiplicaos;llenad las aguas de los mares.¡Que las aves se multipliquen sobre la tierra!»,NVI
WIS,10,23,"Y vino la noche, y llegó la mañana:ese fue el quinto día.",NVI
WIS,10,24,"Y dijo Dios: «¡Que produzca la tierra seres vivientes:animales domésticos, animales salvajesy reptiles, según su especie!»Y sucedió así. ",NVI
WIS,10,25,"Dios hizo los animales domésticos,los animales salvajes y todos los reptiles,según su especie.Y Dios consideró que esto era bueno,",NVI
WIS,10,26,"y dijo: «Hagamos al ser humanoa nuestra imagen y semejanza.Que tenga dominio sobre los peces del mar,y sobre las aves del cielo;sobre los animales domésticos,sobre los animales salvajes,y sobre todos los reptilesque se arrastran por el suelo».",NVI
WIS,10,27,"Y Dios creó al ser humano a su imagen;lo creó a imagen de Dios.Hombre y mujer los creó,",NVI
WIS,10,28,"y los bendijo con estas palabras:«Sed fructíferos y multiplicaos;llenad la tierra y sometedla;dominad a los peces del mar y a las aves del cielo,y a todos los reptiles que se arrastran por el suelo».",NVI
WIS,10,29,También les dijo: «Yo os doy de la tierratodas las plantas que producen semillay todos los árboles que dan fruto con semilla;todo esto os servirá de alimento.,NVI
WIS,10,30,"Y doy la hierba verde como alimentoa todas las fieras de la tierra,a todas las aves del cieloy a todos los seres vivientesque se arrastran por la tierra».Y así sucedió. ",NVI
WIS,11,1,"Dios, en el principio,creó los cielos y la tierra.",NVI
WIS,11,2,"La tierra era un caos total,las tinieblas cubrían el abismo,y el Espíritu de Dios se movíasobre la superficie de las aguas.",NVI
WIS,11,3,Y dijo Dios: «¡Que exista la luz!»Y la luz llegó a existir.,NVI
WIS,11,4,Dios consideró que la luz era buenay la separó de las tinieblas.,NVI
WIS,11,5,"A la luz la llamó «día»,y a las tinieblas, «noche».Y vino la noche, y llegó la mañana:ese fue el primer día.",NVI
WIS,11,6,"Y dijo Dios: «¡Que exista el firmamentoen medio de las aguas, y que las separe!»",NVI
WIS,11,7,"Y así sucedió: Dios hizo el firmamentoy separó las aguas que están abajo,de las aguas que están arriba.",NVI
WIS,11,8,"Al firmamento Dios lo llamó «cielo».Y vino la noche, y llegó la mañana:ese fue el segundo día.",NVI
WIS,11,9,"Y dijo Dios: «¡Que las aguas debajo del cielose reúnan en un solo lugar,y que aparezca lo seco!»Y así sucedió. ",NVI
WIS,11,10,"A lo seco Dios lo llamó «tierra»,y al conjunto de aguas lo llamó «mar».Y Dios consideró que esto era bueno.",NVI
WIS,11,11,"Y dijo Dios: «¡Que haya vegetación sobre la tierra;que esta produzca hierbas que den semilla,y árboles que den su fruto con semilla,todos según su especie!»Y así sucedió. ",NVI
WIS,11,12,"Comenzó a brotar la vegetación:hierbas que dan semilla,y árboles que dan su fruto con semilla,todos según su especie.Y Dios consideró que esto era bueno.",NVI
WIS,11,13,"Y vino la noche, y llegó la mañana:ese fue el tercer día.",NVI
WIS,11,14,"Y dijo Dios: «¡Que haya luces en el firmamentoque separen el día de la noche;que sirvan como señales de las estaciones,de los días y de los años,",NVI
WIS,11,15,y que brillen en el firmamentopara iluminar la tierra!»Y sucedió así. ,NVI
WIS,11,16,"Dios hizo los dos grandes astros:el astro mayor para gobernar el día,y el menor para gobernar la noche.También hizo las estrellas.",NVI
WIS,11,17,Dios colocó en el firmamentolos astros para alumbrar la tierra.,NVI
WIS,11,18,"Los hizo para gobernar el día y la noche,y para separar la luz de las tinieblas.Y Dios consideró que esto era bueno.",NVI
WIS,11,19,"Y vino la noche, y llegó la mañana:ese fue el cuarto día.",NVI
WIS,11,20,"Y dijo Dios: «¡Que rebosen de seres vivientes las aguas,y que vuelen las aves sobre la tierraa lo largo del firmamento!»",NVI
WIS,11,21,"Y creó Dios los grandes animales marinos,y todos los seres vivientesque se mueven y pululan en las aguasy todas las aves,según su especie.Y Dios consideró que esto era bueno,",NVI
WIS,11,22,y los bendijo con estas palabras:«Sed fructíferos y multiplicaos;llenad las aguas de los mares.¡Que las aves se multipliquen sobre la tierra!»,NVI
WIS,11,23,"Y vino la noche, y llegó la mañana:ese fue el quinto día.",NVI
WIS,11,24,"Y dijo Dios: «¡Que produzca la tierra seres vivientes:animales domésticos, animales salvajesy reptiles, según su especie!»Y sucedió así. ",NVI
WIS,11,25,"Dios hizo los animales domésticos,los animales salvajes y todos los reptiles,según su especie.Y Dios consideró que esto era bueno,",NVI
WIS,11,26,"y dijo: «Hagamos al ser humanoa nuestra imagen y semejanza.Que tenga dominio sobre los peces del mar,y sobre las aves del cielo;sobre los animales domésticos,sobre los animales salvajes,y sobre todos los reptilesque se arrastran por el suelo».",NVI
WIS,11,27,"Y Dios creó al ser humano a su imagen;lo creó a imagen de Dios.Hombre y mujer los creó,",NVI
WIS,11,28,"y los bendijo con estas palabras:«Sed fructíferos y multiplicaos;llenad la tierra y sometedla;dominad a los peces del mar y a las aves del cielo,y a todos los reptiles que se arrastran por el suelo».",NVI
WIS,11,29,También les dijo: «Yo os doy de la tierratodas las plantas que producen semillay todos los árboles que dan fruto con semilla;todo esto os servirá de alimento.,NVI
WIS,11,30,"Y doy la hierba verde como alimentoa todas las fieras de la tierra,a todas las aves del cieloy a todos los seres vivientesque se arrastran por la tierra».Y así sucedió. ",NVI
WIS,12,1,"Dios, en el principio,creó los cielos y la tierra.",NVI
WIS,12,2,"La tierra era un caos total,las tinieblas cubrían el abismo,y el Espíritu de Dios se movíasobre la superficie de las aguas.",NVI
WIS,12,3,Y dijo Dios: «¡Que exista la luz!»Y la luz llegó a existir.,NVI
WIS,12,4,Dios consideró que la luz era buenay la separó de las tinieblas.,NVI
WIS,12,5,"A la luz la llamó «día»,y a las tinieblas, «noche».Y vino la noche, y llegó la mañana:ese fue el primer día.",NVI
WIS,12,6,"Y dijo Dios: «¡Que exista el firmamentoen medio de las aguas, y que las separe!»",NVI
WIS,12,7,"Y así sucedió: Dios hizo el firmamentoy separó las aguas que están abajo,de las aguas que están arriba.",NVI
WIS,12,8,"Al firmamento Dios lo llamó «cielo».Y vino la noche, y llegó la mañana:ese fue el segundo día.",NVI
WIS,12,9,"Y dijo Dios: «¡Que las aguas debajo del cielose reúnan en un solo lugar,y que aparezca lo seco!»Y así sucedió. ",NVI
WIS,12,10,"A lo seco Dios lo llamó «tierra»,y al conjunto de aguas lo llamó «mar».Y Dios consideró que esto era bueno.",NVI
WIS,12,11,"Y dijo Dios: «¡Que haya vegetación sobre la tierra;que esta produzca hierbas que den semilla,y árboles que den su fruto con semilla,todos según su especie!»Y así sucedió. ",NVI
WIS,12,12,"Comenzó a brotar la vegetación:hierbas que dan semilla,y árboles que dan su fruto con semilla,todos según su especie.Y Dios consideró que esto era bueno.",NVI
WIS,12,13,"Y vino la noche, y llegó la mañana:ese fue el tercer día.",NVI
WIS,12,14,"Y dijo Dios: «¡Que haya luces en el firmamentoque separen el día de la noche;que sirvan como señales de las estaciones,de los días y de los años,",NVI
WIS,12,15,y que brillen en el firmamentopara iluminar la tierra!»Y sucedió así. ,NVI
WIS,12,16,"Dios hizo los dos grandes astros:el astro mayor para gobernar el día,y el menor para gobernar la noche.También hizo las estrellas.",NVI
WIS,12,17,Dios colocó en el firmamentolos astros para alumbrar la tierra.,NVI
WIS,12,18,"Los hizo para gobernar el día y la noche,y para separar la luz de las tinieblas.Y Dios consideró que esto era bueno.",NVI
WIS,12,19,"Y vino la noche, y llegó la mañana:ese fue el cuarto día.",NVI
WIS,12,20,"Y dijo Dios: «¡Que rebosen de seres vivientes las aguas,y que vuelen las aves sobre la tierraa lo largo del firmamento!»",NVI
WIS,12,21,"Y creó Dios los grandes animales marinos,y todos los seres vivientesque se mueven y pululan en las aguasy todas las aves,según su especie.Y Dios consideró que esto era bueno,",NVI
WIS,12,22,y los bendijo con estas palabras:«Sed fructíferos y multiplicaos;llenad las aguas de los mares.¡Que las aves se multipliquen sobre la tierra!»,NVI
WIS,12,23,"Y vino la noche, y llegó la mañana:ese fue el quinto día.",NVI
WIS,12,24,"Y dijo Dios: «¡Que produzca la tierra seres vivientes:animales domésticos, animales salvajesy reptiles, según su especie!»Y sucedió así. ",NVI
WIS,12,25,"Dios hizo los animales domésticos,los animales salvajes y todos los reptiles,según su especie.Y Dios consideró que esto era bueno,",NVI
WIS,12,26,"y dijo: «Hagamos al ser humanoa nuestra imagen y semejanza.Que tenga dominio sobre los peces del mar,y sobre las aves del cielo;sobre los animales domésticos,sobre los animales salvajes,y sobre todos los reptilesque se arrastran por el suelo».",NVI
WIS,12,27,"Y Dios creó al ser humano a su imagen;lo creó a imagen de Dios.Hombre y mujer los creó,",NVI
WIS,12,28,"y los bendijo con estas palabras:«Sed fructíferos y multiplicaos;llenad la tierra y sometedla;dominad a los peces del mar y a las aves del cielo,y a todos los reptiles que se arrastran por el suelo».",NVI
WIS,12,29,También les dijo: «Yo os doy de la tierratodas las plantas que producen semillay todos los árboles que dan fruto con semilla;todo esto os servirá de alimento.,NVI
WIS,12,30,"Y doy la hierba verde como alimentoa todas las fieras de la tierra,a todas las aves del cieloy a todos los seres vivientesque se arrastran por la tierra».Y así sucedió. ",NVI
WIS,13,1,"Dios, en el principio,creó los cielos y la tierra.",NVI
WIS,13,2,"La tierra era un caos total,las tinieblas cubrían el abismo,y el Espíritu de Dios se movíasobre la superficie de las aguas.",NVI
WIS,13,3,Y dijo Dios: «¡Que exista la luz!»Y la luz llegó a existir.,NVI
WIS,13,4,Dios consideró que la luz era buenay la separó de las tinieblas.,NVI
WIS,13,5,"A la luz la llamó «día»,y a las tinieblas, «noche».Y vino la noche, y llegó la mañana:ese fue el primer día.",NVI
WIS,13,6,"Y dijo Dios: «¡Que exista el firmamentoen medio de las aguas, y que las separe!»",NVI
WIS,13,7,"Y así sucedió: Dios hizo el firmamentoy separó las aguas que están abajo,de las aguas que están arriba.",NVI
WIS,13,8,"Al firmamento Dios lo llamó «cielo».Y vino la noche, y llegó la mañana:ese fue el segundo día.",NVI
WIS,13,9,"Y dijo Dios: «¡Que las aguas debajo del cielose reúnan en un solo lugar,y que aparezca lo seco!»Y así sucedió. ",NVI
WIS,13,10,"A lo seco Dios lo llamó «tierra»,y al conjunto de aguas lo llamó «mar».Y Dios consideró que esto era bueno.",NVI
WIS,13,11,"Y dijo Dios: «¡Que haya vegetación sobre la tierra;que esta produzca hierbas que den semilla,y árboles que den su fruto con semilla,todos según su especie!»Y así sucedió. ",NVI
WIS,13,12,"Comenzó a brotar la vegetación:hierbas que dan semilla,y árboles que dan su fruto con semilla,todos según su especie.Y Dios consideró que esto era bueno.",NVI
WIS,13,13,"Y vino la noche, y llegó la mañana:ese fue el tercer día.",NVI
WIS,13,14,"Y dijo Dios: «¡Que haya luces en el firmamentoque separen el día de la noche;que sirvan como señales de las estaciones,de los días y de los años,",NVI
WIS,13,15,y que brillen en el firmamentopara iluminar la tierra!»Y sucedió así. ,NVI
WIS,13,16,"Dios hizo los dos grandes astros:el astro mayor para gobernar el día,y el menor para gobernar la noche.También hizo las estrellas.",NVI
WIS,13,17,Dios colocó en el firmamentolos astros para alumbrar la tierra.,NVI
WIS,13,18,"Los hizo para gobernar el día y la noche,y para separar la luz de las tinieblas.Y Dios consideró que esto era bueno.",NVI
WIS,13,19,"Y vino la noche, y llegó la mañana:ese fue el cuarto día.",NVI
WIS,13,20,"Y dijo Dios: «¡Que rebosen de seres vivientes las aguas,y que vuelen las aves sobre la tierraa lo largo del firmamento!»",NVI
WIS,13,21,"Y creó Dios los grandes animales marinos,y todos los seres vivientesque se mueven y pululan en las aguasy todas las aves,según su especie.Y Dios consideró que esto era bueno,",NVI
WIS,13,22,y los bendijo con estas palabras:«Sed fructíferos y multiplicaos;llenad las aguas de los mares.¡Que las aves se multipliquen sobre la tierra!»,NVI
WIS,13,23,"Y vino la noche, y llegó la mañana:ese fue el quinto día.",NVI
WIS,13,24,"Y dijo Dios: «¡Que produzca la tierra seres vivientes:animales domésticos, animales salvajesy reptiles, según su especie!»Y sucedió así. ",NVI
WIS,13,25,"Dios hizo los animales domésticos,los animales salvajes y todos los reptiles,según su especie.Y Dios consideró que esto era bueno,",NVI
WIS,13,26,"y dijo: «Hagamos al ser humanoa nuestra imagen y semejanza.Que tenga dominio sobre los peces del mar,y sobre las aves del cielo;sobre los animales domésticos,sobre los animales salvajes,y sobre todos los reptilesque se arrastran por el suelo».",NVI
WIS,13,27,"Y Dios creó al ser humano a su imagen;lo creó a imagen de Dios.Hombre y mujer los creó,",NVI
WIS,13,28,"y los bendijo con estas palabras:«Sed fructíferos y multiplicaos;llenad la tierra y sometedla;dominad a los peces del mar y a las aves del cielo,y a todos los reptiles que se arrastran por el suelo».",NVI
WIS,13,29,También les dijo: «Yo os doy de la tierratodas las plantas que producen semillay todos los árboles que dan fruto con semilla;todo esto os servirá de alimento.,NVI
WIS,13,30,"Y doy la hierba verde como alimentoa todas las fieras de la tierra,a todas las aves del cieloy a todos los seres vivientesque se arrastran por la tierra».Y así sucedió. ",NVI
WIS,14,1,"Dios, en el principio,creó los cielos y la tierra.",NVI
WIS,14,2,"La tierra era un caos total,las tinieblas cubrían el abismo,y el Espíritu de Dios se movíasobre la superficie de las aguas.",NVI
WIS,14,3,Y dijo Dios: «¡Que exista la luz!»Y la luz llegó a existir.,NVI
WIS,14,4,Dios consideró que la luz era buenay la separó de las tinieblas.,NVI
WIS,14,5,"A la luz la llamó «día»,y a las tinieblas, «noche».Y vino la noche, y llegó la mañana:ese fue el primer día.",NVI
WIS,14,6,"Y dijo Dios: «¡Que exista el firmamentoen medio de las aguas, y que las separe!»",NVI
WIS,14,7,"Y así sucedió: Dios hizo el firmamentoy separó las aguas que están abajo,de las aguas que están arriba.",NVI
WIS,14,8,"Al firmamento Dios lo llamó «cielo».Y vino la noche, y llegó la mañana:ese fue el segundo día.",NVI
WIS,14,9,"Y dijo Dios: «¡Que las aguas debajo del cielose reúnan en un solo lugar,y que aparezca lo seco!»Y así sucedió. ",NVI
WIS,14,10,"A lo seco Dios lo llamó «tierra»,y al conjunto de aguas lo llamó «mar».Y Dios consideró que esto era bueno.",NVI
WIS,14,11,"Y dijo Dios: «¡Que haya vegetación sobre la tierra;que esta produzca hierbas que den semilla,y árboles que den su fruto con semilla,todos según su especie!»Y así sucedió. ",NVI
WIS,14,12,"Comenzó a brotar la vegetación:hierbas que dan semilla,y árboles que dan su fruto con semilla,todos según su especie.Y Dios consideró que esto era bueno.",NVI
WIS,14,13,"Y vino la noche, y llegó la mañana:ese fue el tercer día.",NVI
WIS,14,14,"Y dijo Dios: «¡Que haya luces en el firmamentoque separen el día de la noche;que sirvan como señales de las estaciones,de los días y de los años,",NVI
WIS,14,15,y que brillen en el firmamentopara iluminar la tierra!»Y sucedió así. ,NVI
WIS,14,16,"Dios hizo los dos grandes astros:el astro mayor para gobernar el día,y el menor para gobernar la noche.También hizo las estrellas.",NVI
WIS,14,17,Dios colocó en el firmamentolos astros para alumbrar la tierra.,NVI
WIS,14,18,"Los hizo para gobernar el día y la noche,y para separar la luz de las tinieblas.Y Dios consideró que esto era bueno.",NVI
WIS,14,19,"Y vino la noche, y llegó la mañana:ese fue el cuarto día.",NVI
WIS,14,20,"Y dijo Dios: «¡Que rebosen de seres vivientes las aguas,y que vuelen las aves sobre la tierraa lo largo del firmamento!»",NVI
WIS,14,21,"Y creó Dios los grandes animales marinos,y todos los seres vivientesque se mueven y pululan en las aguasy todas las aves,según su especie.Y Dios consideró que esto era bueno,",NVI
WIS,14,22,y los bendijo con estas palabras:«Sed fructíferos y multiplicaos;llenad las aguas de los mares.¡Que las aves se multipliquen sobre la tierra!»,NVI
WIS,14,23,"Y vino la noche, y llegó la mañana:ese fue el quinto día.",NVI
WIS,14,24,"Y dijo Dios: «¡Que produzca la tierra seres vivientes:animales domésticos, animales salvajesy reptiles, según su especie!»Y sucedió así. ",NVI
WIS,14,25,"Dios hizo los animales domésticos,los animales salvajes y todos los reptiles,según su especie.Y Dios consideró que esto era bueno,",NVI
WIS,14,26,"y dijo: «Hagamos al ser humanoa nuestra imagen y semejanza.Que tenga dominio sobre los peces del mar,y sobre las aves del cielo;sobre los animales domésticos,sobre los animales salvajes,y sobre todos los reptilesque se arrastran por el suelo».",NVI
WIS,14,27,"Y Dios creó al ser humano a su imagen;lo creó a imagen de Dios.Hombre y mujer los creó,",NVI
WIS,14,28,"y los bendijo con estas palabras:«Sed fructíferos y multiplicaos;llenad la tierra y sometedla;dominad a los peces del mar y a las aves del cielo,y a todos los reptiles que se arrastran por el suelo».",NVI
WIS,14,29,También les dijo: «Yo os doy de la tierratodas las plantas que producen semillay todos los árboles que dan fruto con semilla;todo esto os servirá de alimento.,NVI
WIS,14,30,"Y doy la hierba verde como alimentoa todas las fieras de la tierra,a todas las aves del cieloy a todos los seres vivientesque se arrastran por la tierra».Y así sucedió. ",NVI
WIS,15,1,"Dios, en el principio,creó los cielos y la tierra.",NVI
WIS,15,2,"La tierra era un caos total,las tinieblas cubrían el abismo,y el Espíritu de Dios se movíasobre la superficie de las aguas.",NVI
WIS,15,3,Y dijo Dios: «¡Que exista la luz!»Y la luz llegó a existir.,NVI
WIS,15,4,Dios consideró que la luz era buenay la separó de las tinieblas.,NVI
WIS,15,5,"A la luz la llamó «día»,y a las tinieblas, «noche».Y vino la noche, y llegó la mañana:ese fue el primer día.",NVI
WIS,15,6,"Y dijo Dios: «¡Que exista el firmamentoen medio de las aguas, y que las separe!»",NVI
WIS,15,7,"Y así sucedió: Dios hizo el firmamentoy separó las aguas que están abajo,de las aguas que están arriba.",NVI
WIS,15,8,"Al firmamento Dios lo llamó «cielo».Y vino la noche, y llegó la mañana:ese fue el segundo día.",NVI
WIS,15,9,"Y dijo Dios: «¡Que las aguas debajo del cielose reúnan en un solo lugar,y que aparezca lo seco!»Y así sucedió. ",NVI
WIS,15,10,"A lo seco Dios lo llamó «tierra»,y al conjunto de aguas lo llamó «mar».Y Dios consideró que esto era bueno.",NVI
WIS,15,11,"Y dijo Dios: «¡Que haya vegetación sobre la tierra;que esta produzca hierbas que den semilla,y árboles que den su fruto con semilla,todos según su especie!»Y así sucedió. ",NVI
WIS,15,12,"Comenzó a brotar la vegetación:hierbas que dan semilla,y árboles que dan su fruto con semilla,todos según su especie.Y Dios consideró que esto era bueno.",NVI
WIS,15,13,"Y vino la noche, y llegó la mañana:ese fue el tercer día.",NVI
WIS,15,14,"Y dijo Dios: «¡Que haya luces en el firmamentoque separen el día de la noche;que sirvan como señales de las estaciones,de los días y de los años,",NVI
WIS,15,15,y que brillen en el firmamentopara iluminar la tierra!»Y sucedió así. ,NVI
WIS,15,16,"Dios hizo los dos grandes astros:el astro mayor para gobernar el día,y el menor para gobernar la noche.También hizo las estrellas.",NVI
WIS,15,17,Dios colocó en el firmamentolos astros para alumbrar la tierra.,NVI
WIS,15,18,"Los hizo para gobernar el día y la noche,y para separar la luz de las tinieblas.Y Dios consideró que esto era bueno.",NVI
WIS,15,19,"Y vino la noche, y llegó la mañana:ese fue el cuarto día.",NVI
WIS,15,20,"Y dijo Dios: «¡Que rebosen de seres vivientes las aguas,y que vuelen las aves sobre la tierraa lo largo del firmamento!»",NVI
WIS,15,21,"Y creó Dios los grandes animales marinos,y todos los seres vivientesque se mueven y pululan en las aguasy todas las aves,según su especie.Y Dios consideró que esto era bueno,",NVI
WIS,15,22,y los bendijo con estas palabras:«Sed fructíferos y multiplicaos;llenad las aguas de los mares.¡Que las aves se multipliquen sobre la tierra!»,NVI
WIS,15,23,"Y vino la noche, y llegó la mañana:ese fue el quinto día.",NVI
WIS,15,24,"Y dijo Dios: «¡Que produzca la tierra seres vivientes:animales domésticos, animales salvajesy reptiles, según su especie!»Y sucedió así. ",NVI
WIS,15,25,"Dios hizo los animales domésticos,los animales salvajes y todos los reptiles,según su especie.Y Dios consideró que esto era bueno,",NVI
WIS,15,26,"y dijo: «Hagamos al ser humanoa nuestra imagen y semejanza.Que tenga dominio sobre los peces del mar,y sobre las aves del cielo;sobre los animales domésticos,sobre los animales salvajes,y sobre todos los reptilesque se arrastran por el suelo».",NVI
WIS,15,27,"Y Dios creó al ser humano a su imagen;lo creó a imagen de Dios.Hombre y mujer los creó,",NVI
WIS,15,28,"y los bendijo con estas palabras:«Sed fructíferos y multiplicaos;llenad la tierra y sometedla;dominad a los peces del mar y a las aves del cielo,y a todos los reptiles que se arrastran por el suelo».",NVI
WIS,15,29,También les dijo: «Yo os doy de la tierratodas las plantas que producen semillay todos los árboles que dan fruto con semilla;todo esto os servirá de alimento.,NVI
WIS,15,30,"Y doy la hierba verde como alimentoa todas las fieras de la tierra,a todas las aves del cieloy a todos los seres vivientesque se arrastran por la tierra».Y así sucedió. ",NVI
WIS,16,1,"Dios, en el principio,creó los cielos y la tierra.",NVI
WIS,16,2,"La tierra era un caos total,las tinieblas cubrían el abismo,y el Espíritu de Dios se movíasobre la superficie de las aguas.",NVI
WIS,16,3,Y dijo Dios: «¡Que exista la luz!»Y la luz llegó a existir.,NVI
WIS,16,4,Dios consideró que la luz era buenay la separó de las tinieblas.,NVI
WIS,16,5,"A la luz la llamó «día»,y a las tinieblas, «noche».Y vino la noche, y llegó la mañana:ese fue el primer día.",NVI
WIS,16,6,"Y dijo Dios: «¡Que exista el firmamentoen medio de las aguas, y que las separe!»",NVI
WIS,16,7,"Y así sucedió: Dios hizo el firmamentoy separó las aguas que están abajo,de las aguas que están arriba.",NVI
WIS,16,8,"Al firmamento Dios lo llamó «cielo».Y vino la noche, y llegó la mañana:ese fue el segundo día.",NVI
WIS,16,9,"Y dijo Dios: «¡Que las aguas debajo del cielose reúnan en un solo lugar,y que aparezca lo seco!»Y así sucedió. ",NVI
WIS,16,10,"A lo seco Dios lo llamó «tierra»,y al conjunto de aguas lo llamó «mar».Y Dios consideró que esto era bueno.",NVI
WIS,16,11,"Y dijo Dios: «¡Que haya vegetación sobre la tierra;que esta produzca hierbas que den semilla,y árboles que den su fruto con semilla,todos según su especie!»Y así sucedió. ",NVI
WIS,16,12,"Comenzó a brotar la vegetación:hierbas que dan semilla,y árboles que dan su fruto con semilla,todos según su especie.Y Dios consideró que esto era bueno.",NVI
WIS,16,13,"Y vino la noche, y llegó la mañana:ese fue el tercer día.",NVI
WIS,16,14,"Y dijo Dios: «¡Que haya luces en el firmamentoque separen el día de la noche;que sirvan como señales de las estaciones,de los días y de los años,",NVI
WIS,16,15,y que brillen en el firmamentopara iluminar la tierra!»Y sucedió así. ,NVI
WIS,16,16,"Dios hizo los dos grandes astros:el astro mayor para gobernar el día,y el menor para gobernar la noche.También hizo las estrellas.",NVI
WIS,16,17,Dios colocó en el firmamentolos astros para alumbrar la tierra.,NVI
WIS,16,18,"Los hizo para gobernar el día y la noche,y para separar la luz de las tinieblas.Y Dios consideró que esto era bueno.",NVI
WIS,16,19,"Y vino la noche, y llegó la mañana:ese fue el cuarto día.",NVI
WIS,16,20,"Y dijo Dios: «¡Que rebosen de seres vivientes las aguas,y que vuelen las aves sobre la tierraa lo largo del firmamento!»",NVI
WIS,16,21,"Y creó Dios los grandes animales marinos,y todos los seres vivientesque se mueven y pululan en las aguasy todas las aves,según su especie.Y Dios consideró que esto era bueno,",NVI
WIS,16,22,y los bendijo con estas palabras:«Sed fructíferos y multiplicaos;llenad las aguas de los mares.¡Que las aves se multipliquen sobre la tierra!»,NVI
WIS,16,23,"Y vino la noche, y llegó la mañana:ese fue el quinto día.",NVI
WIS,16,24,"Y dijo Dios: «¡Que produzca la tierra seres vivientes:animales domésticos, animales salvajesy reptiles, según su especie!»Y sucedió así. ",NVI
WIS,16,25,"Dios hizo los animales domésticos,los animales salvajes y todos los reptiles,según su especie.Y Dios consideró que esto era bueno,",NVI
WIS,16,26,"y dijo: «Hagamos al ser humanoa nuestra imagen y semejanza.Que tenga dominio sobre los peces del mar,y sobre las aves del cielo;sobre los animales domésticos,sobre los animales salvajes,y sobre todos los reptilesque se arrastran por el suelo».",NVI
WIS,16,27,"Y Dios creó al ser humano a su imagen;lo creó a imagen de Dios.Hombre y mujer los creó,",NVI
WIS,16,28,"y los bendijo con estas palabras:«Sed fructíferos y multiplicaos;llenad la tierra y sometedla;dominad a los peces del mar y a las aves del cielo,y a todos los reptiles que se arrastran por el suelo».",NVI
WIS,16,29,También les dijo: «Yo os doy de la tierratodas las plantas que producen semillay todos los árboles que dan fruto con semilla;todo esto os servirá de alimento.,NVI
WIS,16,30,"Y doy la hierba verde como alimentoa todas las fieras de la tierra,a todas las aves del cieloy a todos los seres vivientesque se arrastran por la tierra».Y así sucedió. ",NVI
WIS,17,1,"Dios, en el principio,creó los cielos y la tierra.",NVI
WIS,17,2,"La tierra era un caos total,las tinieblas cubrían el abismo,y el Espíritu de Dios se movíasobre la superficie de las aguas.",NVI
WIS,17,3,Y dijo Dios: «¡Que exista la luz!»Y la luz llegó a existir.,NVI
WIS,17,4,Dios consideró que la luz era buenay la separó de las tinieblas.,NVI
WIS,17,5,"A la luz la llamó «día»,y a las tinieblas, «noche».Y vino la noche, y llegó la mañana:ese fue el primer día.",NVI
WIS,17,6,"Y dijo Dios: «¡Que exista el firmamentoen medio de las aguas, y que las separe!»",NVI
WIS,17,7,"Y así sucedió: Dios hizo el firmamentoy separó las aguas que están abajo,de las aguas que están arriba.",NVI
WIS,17,8,"Al firmamento Dios lo llamó «cielo».Y vino la noche, y llegó la mañana:ese fue el segundo día.",NVI
WIS,17,9,"Y dijo Dios: «¡Que las aguas debajo del cielose reúnan en un solo lugar,y que aparezca lo seco!»Y así sucedió. ",NVI
WIS,17,10,"A lo seco Dios lo llamó «tierra»,y al conjunto de aguas lo llamó «mar».Y Dios consideró que esto era bueno.",NVI
WIS,17,11,"Y dijo Dios: «¡Que haya vegetación sobre la tierra;que esta produzca hierbas que den semilla,y árboles que den su fruto con semilla,todos según su especie!»Y así sucedió. ",NVI
WIS,17,12,"Comenzó a brotar la vegetación:hierbas que dan semilla,y árboles que dan su fruto con semilla,todos según su especie.Y Dios consideró que esto era bueno.",NVI
WIS,17,13,"Y vino la noche, y llegó la mañana:ese fue el tercer día.",NVI
WIS,17,14,"Y dijo Dios: «¡Que haya luces en el firmamentoque separen el día de la noche;que sirvan como señales de las estaciones,de los días y de los años,",NVI
WIS,17,15,y que brillen en el firmamentopara iluminar la tierra!»Y sucedió así. ,NVI
WIS,17,16,"Dios hizo los dos grandes astros:el astro mayor para gobernar el día,y el menor para gobernar la noche.También hizo las estrellas.",NVI
WIS,17,17,Dios colocó en el firmamentolos astros para alumbrar la tierra.,NVI
WIS,17,18,"Los hizo para gobernar el día y la noche,y para separar la luz de las tinieblas.Y Dios consideró que esto era bueno.",NVI
WIS,17,19,"Y vino la noche, y llegó la mañana:ese fue el cuarto día.",NVI
WIS,17,20,"Y dijo Dios: «¡Que rebosen de seres vivientes las aguas,y que vuelen las aves sobre la tierraa lo largo del firmamento!»",NVI
WIS,17,21,"Y creó Dios los grandes animales marinos,y todos los seres vivientesque se mueven y pululan en las aguasy todas las aves,según su especie.Y Dios consideró que esto era bueno,",NVI
WIS,17,22,y los bendijo con estas palabras:«Sed fructíferos y multiplicaos;llenad las aguas de los mares.¡Que las aves se multipliquen sobre la tierra!»,NVI
WIS,17,23,"Y vino la noche, y llegó la mañana:ese fue el quinto día.",NVI
WIS,17,24,"Y dijo Dios: «¡Que produzca la tierra seres vivientes:animales domésticos, animales salvajesy reptiles, según su especie!»Y sucedió así. ",NVI
WIS,17,25,"Dios hizo los animales domésticos,los animales salvajes y todos los reptiles,según su especie.Y Dios consideró que esto era bueno,",NVI
WIS,17,26,"y dijo: «Hagamos al ser humanoa nuestra imagen y semejanza.Que tenga dominio sobre los peces del mar,y sobre las aves del cielo;sobre los animales domésticos,sobre los animales salvajes,y sobre todos los reptilesque se arrastran por el suelo».",NVI
WIS,17,27,"Y Dios creó al ser humano a su imagen;lo creó a imagen de Dios.Hombre y mujer los creó,",NVI
WIS,17,28,"y los bendijo con estas palabras:«Sed fructíferos y multiplicaos;llenad la tierra y sometedla;dominad a los peces del mar y a las aves del cielo,y a todos los reptiles que se arrastran por el suelo».",NVI
WIS,17,29,También les dijo: «Yo os doy de la tierratodas las plantas que producen semillay todos los árboles que dan fruto con semilla;todo esto os servirá de alimento.,NVI
WIS,17,30,"Y doy la hierba verde como alimentoa todas las fieras de la tierra,a todas las aves del cieloy a todos los seres vivientesque se arrastran por la tierra».Y así sucedió. ",NVI
WIS,18,1,"Dios, en el principio,creó los cielos y la tierra.",NVI
WIS,18,2,"La tierra era un caos total,las tinieblas cubrían el abismo,y el Espíritu de Dios se movíasobre la superficie de las aguas.",NVI
WIS,18,3,Y dijo Dios: «¡Que exista la luz!»Y la luz llegó a existir.,NVI
WIS,18,4,Dios consideró que la luz era buenay la separó de las tinieblas.,NVI
WIS,18,5,"A la luz la llamó «día»,y a las tinieblas, «noche».Y vino la noche, y llegó la mañana:ese fue el primer día.",NVI
WIS,18,6,"Y dijo Dios: «¡Que exista el firmamentoen medio de las aguas, y que las separe!»",NVI
WIS,18,7,"Y así sucedió: Dios hizo el firmamentoy separó las aguas que están abajo,de las aguas que están arriba.",NVI
WIS,18,8,"Al firmamento Dios lo llamó «cielo».Y vino la noche, y llegó la mañana:ese fue el segundo día.",NVI
WIS,18,9,"Y dijo Dios: «¡Que las aguas debajo del cielose reúnan en un solo lugar,y que aparezca lo seco!»Y así sucedió. ",NVI
WIS,18,10,"A lo seco Dios lo llamó «tierra»,y al conjunto de aguas lo llamó «mar».Y Dios consideró que esto era bueno.",NVI
WIS,18,11,"Y dijo Dios: «¡Que haya vegetación sobre la tierra;que esta produzca hierbas que den semilla,y árboles que den su fruto con semilla,todos según su especie!»Y así sucedió. ",NVI
WIS,18,12,"Comenzó a brotar la vegetación:hierbas que dan semilla,y árboles que dan su fruto con semilla,todos según su especie.Y Dios consideró que esto era bueno.",NVI
WIS,18,13,"Y vino la noche, y llegó la mañana:ese fue el tercer día.",NVI
WIS,18,14,"Y dijo Dios: «¡Que haya luces en el firmamentoque separen el día de la noche;que sirvan como señales de las estaciones,de los días y de los años,",NVI
WIS,18,15,y que brillen en el firmamentopara iluminar la tierra!»Y sucedió así. ,NVI
WIS,18,16,"Dios hizo los dos grandes astros:el astro mayor para gobernar el día,y el menor para gobernar la noche.También hizo las estrellas.",NVI
WIS,18,17,Dios colocó en el firmamentolos astros para alumbrar la tierra.,NVI
WIS,18,18,"Los hizo para gobernar el día y la noche,y para separar la luz de las tinieblas.Y Dios consideró que esto era bueno.",NVI
WIS,18,19,"Y vino la noche, y llegó la mañana:ese fue el cuarto día.",NVI
WIS,18,20,"Y dijo Dios: «¡Que rebosen de seres vivientes las aguas,y que vuelen las aves sobre la tierraa lo largo del firmamento!»",NVI
WIS,18,21,"Y creó Dios los grandes animales marinos,y todos los seres vivientesque se mueven y pululan en las aguasy todas las aves,según su especie.Y Dios consideró que esto era bueno,",NVI
WIS,18,22,y los bendijo con estas palabras:«Sed fructíferos y multiplicaos;llenad las aguas de los mares.¡Que las aves se multipliquen sobre la tierra!»,NVI
WIS,18,23,"Y vino la noche, y llegó la mañana:ese fue el quinto día.",NVI
WIS,18,24,"Y dijo Dios: «¡Que produzca la tierra seres vivientes:animales domésticos, animales salvajesy reptiles, según su especie!»Y sucedió así. ",NVI
WIS,18,25,"Dios hizo los animales domésticos,los animales salvajes y todos los reptiles,según su especie.Y Dios consideró que esto era bueno,",NVI
WIS,18,26,"y dijo: «Hagamos al ser humanoa nuestra imagen y semejanza.Que tenga dominio sobre los peces del mar,y sobre las aves del cielo;sobre los animales domésticos,sobre los animales salvajes,y sobre todos los reptilesque se arrastran por el suelo».",NVI
WIS,18,27,"Y Dios creó al ser humano a su imagen;lo creó a imagen de Dios.Hombre y mujer los creó,",NVI
WIS,18,28,"y los bendijo con estas palabras:«Sed fructíferos y multiplicaos;llenad la tierra y sometedla;dominad a los peces del mar y a las aves del cielo,y a todos los reptiles que se arrastran por el suelo».",NVI
WIS,18,29,También les dijo: «Yo os doy de la tierratodas las plantas que producen semillay todos los árboles que dan fruto con semilla;todo esto os servirá de alimento.,NVI
WIS,18,30,"Y doy la hierba verde como alimentoa todas las fieras de la tierra,a todas las aves del cieloy a todos los seres vivientesque se arrastran por la tierra».Y así sucedió. ",NVI
WIS,19,1,"Dios, en el principio,creó los cielos y la tierra.",NVI
WIS,19,2,"La tierra era un caos total,las tinieblas cubrían el abismo,y el Espíritu de Dios se movíasobre la superficie de las aguas.",NVI
WIS,19,3,Y dijo Dios: «¡Que exista la luz!»Y la luz llegó a existir.,NVI
WIS,19,4,Dios consideró que la luz era buenay la separó de las tinieblas.,NVI
WIS,19,5,"A la luz la llamó «día»,y a las tinieblas, «noche».Y vino la noche, y llegó la mañana:ese fue el primer día.",NVI
WIS,19,6,"Y dijo Dios: «¡Que exista el firmamentoen medio de las aguas, y que las separe!»",NVI
WIS,19,7,"Y así sucedió: Dios hizo el firmamentoy separó las aguas que están abajo,de las aguas que están arriba.",NVI
WIS,19,8,"Al firmamento Dios lo llamó «cielo».Y vino la noche, y llegó la mañana:ese fue el segundo día.",NVI
WIS,19,9,"Y dijo Dios: «¡Que las aguas debajo del cielose reúnan en un solo lugar,y que aparezca lo seco!»Y así sucedió. ",NVI
WIS,19,10,"A lo seco Dios lo llamó «tierra»,y al conjunto de aguas lo llamó «mar».Y Dios consideró que esto era bueno.",NVI
WIS,19,11,"Y dijo Dios: «¡Que haya vegetación sobre la tierra;que esta produzca hierbas que den semilla,y árboles que den su fruto con semilla,todos según su especie!»Y así sucedió. ",NVI
WIS,19,12,"Comenzó a brotar la vegetación:hierbas que dan semilla,y árboles que dan su fruto con semilla,todos según su especie.Y Dios consideró que esto era bueno.",NVI
WIS,19,13,"Y vino la noche, y llegó la mañana:ese fue el tercer día.",NVI
WIS,19,14,"Y dijo Dios: «¡Que haya luces en el firmamentoque separen el día de la noche;que sirvan como señales de las estaciones,de los días y de los años,",NVI
WIS,19,15,y que brillen en el firmamentopara iluminar la tierra!»Y sucedió así. ,NVI
WIS,19,16,"Dios hizo los dos grandes astros:el astro mayor para gobernar el día,y el menor para gobernar la noche.También hizo las estrellas.",NVI
WIS,19,17,Dios colocó en el firmamentolos astros para alumbrar la tierra.,NVI
WIS,19,18,"Los hizo para gobernar el día y la noche,y para separar la luz de las tinieblas.Y Dios consideró que esto era bueno.",NVI
WIS,19,19,"Y vino la noche, y llegó la mañana:ese fue el cuarto día.",NVI
WIS,19,20,"Y dijo Dios: «¡Que rebosen de seres vivientes las aguas,y que vuelen las aves sobre la tierraa lo largo del firmamento!»",NVI
WIS,19,21,"Y creó Dios los grandes animales marinos,y todos los seres vivientesque se mueven y pululan en las aguasy todas las aves,según su especie.Y Dios consideró que esto era bueno,",NVI
WIS,19,22,y los bendijo con estas palabras:«Sed fructíferos y multiplicaos;llenad las aguas de los mares.¡Que las aves se multipliquen sobre la tierra!»,NVI
WIS,19,23,"Y vino la noche, y llegó la mañana:ese fue el quinto día.",NVI
WIS,19,24,"Y dijo Dios: «¡Que produzca la tierra seres vivientes:animales domésticos, animales salvajesy reptiles, según su especie!»Y sucedió así. ",NVI
WIS,19,25,"Dios hizo los animales domésticos,los animales salvajes y todos los reptiles,según su especie.Y Dios consideró que esto era bueno,",NVI
WIS,19,26,"y dijo: «Hagamos al ser humanoa nuestra imagen y semejanza.Que tenga dominio sobre los peces del mar,y sobre las aves del cielo;sobre los animales domésticos,sobre los animales salvajes,y sobre todos los reptilesque se arrastran por el suelo».",NVI
WIS,19,27,"Y Dios creó al ser humano a su imagen;lo creó a imagen de Dios.Hombre y mujer los creó,",NVI
WIS,19,28,"y los bendijo con estas palabras:«Sed fructíferos y multiplicaos;llenad la tierra y sometedla;dominad a los peces del mar y a las aves del cielo,y a todos los reptiles que se arrastran por el suelo».",NVI
WIS,19,29,También les dijo: «Yo os doy de la tierratodas las plantas que producen semillay todos los árboles que dan fruto con semilla;todo esto os servirá de alimento.,NVI
WIS,19,30,"Y doy la hierba verde como alimentoa todas las fieras de la tierra,a todas las aves del cieloy a todos los seres vivientesque se arrastran por la tierra».Y así sucedió. ",NVI
